Model,Test Loss,Test Accuracy
NN (Scratch),4.121104009024998,0.7762784090909091
NN (Keras),0.509566605091095,0.7870830297470093
Random Forest,0.46824657299555134,0.8041163946061036
